<?xml version='1.0' encoding='windows-1252' ?>
<ftswdata>
<key name="midi"> 7,4, </key>
<key name="minimum"> 1, </key>
<key name="minor"> 2,25,24,20,14,23,13, </key>
<key name="mixolydian"> 12, </key>
<key name="mod"> 26,25,24,20,22,23,13,12, </key>
<key name="modify"> 4, </key>
<key name="moment"> 14, </key>
<key name="mortal"> 16, </key>
<key name="mous"> 10,13,11, </key>
<key name="mov"> 16,10,13, </key>
<key name="music"> 20,21, </key>
<key name="musical"> 20, </key>
<key name="must"> 20, </key>
<key name="mut"> 16,10,7, </key>
<key name="nam"> 2,16,22,14,13,12,11, </key>
<key name="natur"> 20, </key>
<key name="ne"> 20,22, </key>
<key name="necessary"> 20, </key>
<key name="neith"> 13, </key>
<key name="next"> 5,20, </key>
<key name="nod"> 12, </key>
<key name="not"> 16,25,24,20,22,14,23,7,4,13,12,11,0, </key>
<key name="now"> 2,12, </key>
<key name="nt"> 1, </key>
<key name="numb"> 2,16,10,20,21,13,12, </key>
<key name="number"> 10,20,12, </key>
<key name="nylon"> 5, </key>
<key name="octav"> 13,11, </key>
<key name="off"> 13, </key>
<key name="on"> 16,10,5,20,21,22,13, </key>
<key name="onc"> 2, </key>
<key name="open"> 2,16,9,4, </key>
<key name="option"> 10,5,9,7,4,13,6, </key>
<key name="optional"> 16,10, </key>
<key name="ord"> 2,16,20, </key>
<key name="organiz"> 4, </key>
<key name="orientation"> 5, </key>
<key name="otherwis"> 13, </key>
<key name="our"> 2, </key>
<key name="output"> 7, </key>
<key name="outsid"> 13, </key>
<key name="own"> 5,6, </key>
<key name="pag"> 10,5,7,4,6, </key>
<key name="panel"> 16,15,19,3,14,17,13,12,18,11, </key>
<key name="parent"> 13,12, </key>
<key name="part"> 13, </key>
<key name="particular"> 22, </key>
<key name="path"> 0, </key>
<key name="pattern"> 10,5,14,13,18, </key>
<key name="pentium"> 1, </key>
<key name="perfect"> 20,0, </key>
<key name="phrygian"> 12, </key>
<key name="pick"> 12, </key>
<key name="piec"> 21, </key>
<key name="plac"> 20, </key>
<key name="play"> 26,10,20,22,14,7,12, </key>
<key name="pleas"> 2, </key>
<key name="point"> 22,11, </key>
<key name="pop"> 2, </key>
<key name="position"> 16,10,5,13,11,0, </key>
<key name="possibl"> 10, </key>
<key name="power"> 2, </key>
<key name="pref"> 13, </key>
<key name="present"> 16, </key>
<key name="primary"> 26,13, </key>
<key name="proces"> 15, </key>
<key name="processor"> 1, </key>
<key name="produc"> 20, </key>
<key name="purchas"> 2, </key>
<key name="put"> 0, </key>
<key name="qualiti"> 20,14, </key>
<key name="quality"> 20,13, </key>
<key name="question"> 2, </key>
<key name="r"> 16, </key>
<key name="ram"> 1, </key>
<key name="rank"> 12, </key>
<key name="re"> 0, </key>
<key name="reach"> 10, </key>
<key name="real"> 0, </key>
<key name="reason"> 22, </key>
<key name="receiv"> 2, </key>
<key name="recommend"> 1, </key>
<key name="red"> 13, </key>
<key name="referenc"> 20,0, </key>
<key name="refresh"> 14, </key>
<key name="regard"> 2, </key>
<key name="regist"> 2, </key>
<key name="registration"> 2, </key>
<key name="relat"> 11, </key>
<key name="relation"> 0, </key>
<key name="relativ"> 11, </key>
<key name="remain"> 16, </key>
<key name="rememb"> 20, </key>
<key name="represent"> 10,13,12, </key>
<key name="requirement"> 1, </key>
<key name="resid"> 16, </key>
<key name="resolution"> 1, </key>
<key name="respective"> 3,12, </key>
<key name="result"> 20, </key>
<key name="revers"> 16, </key>
<key name="right"> 5,14,0, </key>
<key name="root"> 16,15,10,22,14,13,12, </key>
<key name="run"> 5, </key>
<key name="s"> 5,20,21,22,14,13,12, </key>
<key name="sal"> 2,20, </key>
<key name="sam"> 20,21,13, </key>
<key name="scal"> 26,19,10,5,25,24,20,22,14,17,23,13,12,18,0, </key>
<key name="screen"> 1, </key>
<key name="se"> 16,13, </key>
<key name="second"> 16,12,11, </key>
<key name="secondary"> 26,13, </key>
<key name="section"> 15,4, </key>
<key name="select"> 16,15,14,17,13,12, </key>
<key name="selector"> 15,19,3,12,18,8, </key>
<key name="separat"> 20,11, </key>
<key name="sequenc"> 21, </key>
<key name="seri"> 12, </key>
<key name="serial"> 2, </key>
<key name="session"> 4, </key>
<key name="set"> 16,5, </key>
<key name="setting"> 1, </key>
<key name="shap"> 13, </key>
<key name="sharp"> 21,13, </key>
<key name="should"> 2,26, </key>
<key name="show"> 21,13,11, </key>
<key name="shown"> 10, </key>
<key name="signatur"> 21, </key>
<key name="simp"> 13, </key>
<key name="simpl"> 16,12,0, </key>
<key name="singl"> 20, </key>
<key name="situation"> 13, </key>
<key name="siz"> 20, </key>
<key name="small"> 12, </key>
<key name="smallest"> 20, </key>
<key name="sometim"> 13, </key>
<key name="sort"> 16, </key>
<key name="sound"> 1,26,20,22,12,0, </key>
<key name="spac"> 1,20, </key>
<key name="special"> 14, </key>
<key name="specific"> 16, </key>
<key name="stack"> 14, </key>
<key name="staff"> 13,11,0, </key>
<key name="start"> 22,12, </key>
<key name="statu"> 3,13,11, </key>
<key name="stav"> 13, </key>
<key name="stay"> 21, </key>
<key name="steel"> 5, </key>
<key name="step"> 20, </key>
<key name="stor"> 2, </key>
<key name="str"> 20,11, </key>
<key name="string"> 16,5, </key>
<key name="succession"> 20, </key>
<key name="suit"> 13, </key>
<key name="support"> 2, </key>
<key name="switch"> 16,13,8, </key>
<key name="symbol"> 20,14, </key>
<key name="synchroniz"> 16, </key>
<key name="system"> 1, </key>
<key name="t"> 13, </key>
<key name="tab"> 13, </key>
<key name="tel"> 20, </key>
<key name="templat"> 15,14,12, </key>
<key name="term"> 20, </key>
<key name="textur"> 5, </key>
<key name="th"> 21, </key>
<key name="the_scales_view"> 3, </key>
<key name="them"> 20,22,4,6, </key>
<key name="theory"> 20, </key>
<key name="thes"> 13, </key>
<key name="third"> 16,13,11, </key>
<key name="thos"> 14, </key>
<key name="tim"> 10,5,20,22, </key>
<key name="togeth"> 20, </key>
<key name="ton"> 26,10,22,13, </key>
<key name="tonic"> 22, </key>
<key name="tool"> 16,0, </key>
<key name="toward"> 12, </key>
<key name="transparency"> 10,5, </key>
<key name="tre"> 12, </key>
<key name="turn"> 13, </key>
<key name="two"> 20,21,11, </key>
<key name="typ"> 20, </key>
<key name="underlin"> 13, </key>
<key name="understand"> 20, </key>
<key name="uniqu"> 26, </key>
<key name="up"> 2,13, </key>
<key name="upgrad"> 2, </key>
<key name="us"> 16,15,20,13,12,6,8, </key>
<key name="useful"> 16,13, </key>
<key name="userd"> 10, </key>
<key name="usual"> 12, </key>
<key name="vamp"> 12, </key>
<key name="ve"> 12, </key>
<key name="version"> 16,5,25,24,23,12, </key>
<key name="very"> 26,16, </key>
<key name="view"> 16,19,5,3,17,18,8, </key>
<key name="visibl"> 13, </key>
<key name="visualiz"> 10, </key>
<key name="vocal"> 20, </key>
<key name="voic"> 16,14, </key>
<key name="voicing"> 16,15, </key>
<key name="volum"> 7, </key>
<key name="w"> 20, </key>
<key name="want"> 16,5,7,13,12,6, </key>
<key name="way"> 14,13, </key>
<key name="web"> 2, </key>
<key name="western"> 20, </key>
<key name="what"> 22, </key>
<key name="whenev"> 20, </key>
<key name="wheth"> 5, </key>
<key name="whil"> 26,10,13,11, </key>
<key name="whit"> 5, </key>
<key name="whol"> 20, </key>
<key name="why"> 0, </key>
<key name="will"> 2,5,20,21,22,14,13, </key>
<key name="window"> 1,3, </key>
<key name="without"> 10, </key>
<key name="won"> 13, </key>
<key name="word"> 20, </key>
<key name="writ"> 13, </key>
<key name="www"> 12, </key>
<key name="x"> 10, </key>
<key name="xp"> 1, </key>
<key name="your"> 2,16,13,11,6, </key>

</ftswdata>  
