<?xml version='1.0' encoding='windows-1252' ?>
<ftswdata>
<key name="1"> 16,20, </key>
<key name="1024x768"> 1, </key>
<key name="12"> 10, </key>
<key name="12th"> 13, </key>
<key name="16"> 1, </key>
<key name="2"> 16, </key>
<key name="20"> 1, </key>
<key name="2000"> 1, </key>
<key name="24"> 2, </key>
<key name="3"> 16, </key>
<key name="32"> 1, </key>
<key name="3rd"> 14, </key>
<key name="7th"> 16, </key>
<key name="95"> 2, </key>
<key name="98"> 1, </key>
<key name="abov"> 14, </key>
<key name="absolute"> 26, </key>
<key name="accidental"> 20, </key>
<key name="accord"> 20,13, </key>
<key name="achiev"> 0, </key>
<key name="acros"> 4, </key>
<key name="actual"> 16, </key>
<key name="add"> 5,6, </key>
<key name="adjust"> 5,7,6, </key>
<key name="advantag"> 16, </key>
<key name="aeolian"> 12, </key>
<key name="alchemist"> 2,16,5,25,24,23,4,13,12,6,0, </key>
<key name="allow"> 16, </key>
<key name="along"> 5, </key>
<key name="already"> 17, </key>
<key name="alter"> 20, </key>
<key name="alteration"> 13, </key>
<key name="alway"> 16,21, </key>
<key name="anoth"> 20,12, </key>
<key name="any"> 2,16,10,20,13, </key>
<key name="apart"> 20, </key>
<key name="appear"> 21, </key>
<key name="application"> 9,6, </key>
<key name="approach"> 13, </key>
<key name="area"> 3, </key>
<key name="arrangement"> 20, </key>
<key name="aspect"> 10,5, </key>
<key name="attribut"> 20, </key>
<key name="augment"> 20, </key>
<key name="availabl"> 16,5,25,24,23,13, </key>
<key name="away"> 14, </key>
<key name="b"> 12, </key>
<key name="background"> 5, </key>
<key name="bar"> 16,3,11, </key>
<key name="barr�"> 16, </key>
<key name="basic"> 20, </key>
<key name="becom"> 20, </key>
<key name="befor"> 20, </key>
<key name="begin"> 21, </key>
<key name="behind"> 0, </key>
<key name="below"> 14,13, </key>
<key name="besid"> 10,12, </key>
<key name="best"> 13, </key>
<key name="bet"> 13, </key>
<key name="big"> 20, </key>
<key name="bit"> 1, </key>
<key name="black"> 10,5, </key>
<key name="bm7"> 12, </key>
<key name="bold"> 14, </key>
<key name="both"> 13, </key>
<key name="bottom"> 13, </key>
<key name="box"> 13,12, </key>
<key name="br"> 20, </key>
<key name="brightnes"> 6, </key>
<key name="bring"> 20, </key>
<key name="brows"> 2, </key>
<key name="button"> 2,16,14, </key>
<key name="buy"> 2, </key>
<key name="c"> 25,24,21,22,23, </key>
<key name="cal"> 10,20, </key>
<key name="call"> 20,22, </key>
<key name="card"> 1, </key>
<key name="cas"> 13, </key>
<key name="certain"> 20,13, </key>
<key name="chang"> 16,10,20,13, </key>
<key name="charact"> 26,10,13, </key>
<key name="characteristic"> 16, </key>
<key name="chart"> 21, </key>
<key name="check"> 13,12, </key>
<key name="children"> 12, </key>
<key name="choos"> 5,7,12,6, </key>
<key name="chord"> 16,15,19,10,20,22,14,17,7,12,18,0, </key>
<key name="circl"> 10, </key>
<key name="click"> 2,16,10,14,9,4,13,12, </key>
<key name="climb"> 13, </key>
<key name="clos"> 20, </key>
<key name="color"> 1,10,5, </key>
<key name="column"> 16, </key>
<key name="com"> 2,12, </key>
<key name="common"> 20,14, </key>
<key name="compatibl"> 1, </key>
<key name="complete"> 7, </key>
<key name="comput"> 15,14,13, </key>
<key name="condens"> 13, </key>
<key name="consist"> 3, </key>
<key name="consistent"> 21, </key>
<key name="construct"> 14, </key>
<key name="contact"> 2, </key>
<key name="contain"> 16,20,14,4,12, </key>
<key name="contract"> 20, </key>
<key name="contraction"> 20, </key>
<key name="contrast"> 16, </key>
<key name="control"> 16, </key>
<key name="copy"> 6, </key>
<key name="correspond"> 10, </key>
<key name="could"> 0, </key>
<key name="count"> 20, </key>
<key name="country"> 20, </key>
<key name="creat"> 0, </key>
<key name="cros"> 13, </key>
<key name="current"> 16,13, </key>
<key name="cursor"> 13,11, </key>
<key name="customiz"> 10,5, </key>
<key name="dash"> 11, </key>
<key name="default"> 13, </key>
<key name="definition"> 20, </key>
<key name="degre"> 13,12, </key>
<key name="deriv"> 13,0, </key>
<key name="derivativ"> 13, </key>
<key name="describ"> 20,17, </key>
<key name="detail"> 16, </key>
<key name="determin"> 20, </key>
<key name="devic"> 7, </key>
<key name="dialog"> 2,9,4, </key>
<key name="dictionary"> 16,15,19,14,12,0, </key>
<key name="different"> 19,20,3,22,13,18,8, </key>
<key name="difficulty"> 16, </key>
<key name="diminish"> 20, </key>
<key name="direct"> 13, </key>
<key name="discus"> 20, </key>
<key name="disk"> 1, </key>
<key name="display"> 10,14,13,12,11, </key>
<key name="distanc"> 20, </key>
<key name="do"> 20, </key>
<key name="dominant"> 14, </key>
<key name="don"> 20, </key>
<key name="dorian"> 12, </key>
<key name="doubl"> 14,12, </key>
<key name="down"> 13, </key>
<key name="du"> 13, </key>
<key name="e"> 14, </key>
<key name="easy"> 16, </key>
<key name="edom9"> 12, </key>
<key name="effect"> 13, </key>
<key name="element"> 19,18,11, </key>
<key name="email"> 2, </key>
<key name="equal"> 20, </key>
<key name="esellerat"> 2, </key>
<key name="every"> 21, </key>
<key name="exact"> 0, </key>
<key name="exampl"> 16,10,12, </key>
<key name="exclud"> 16, </key>
<key name="exist"> 20,22, </key>
<key name="exit"> 9, </key>
<key name="expand"> 20,13, </key>
<key name="expansion"> 20, </key>
<key name="experiment"> 13, </key>
<key name="explain"> 15,22, </key>
<key name="extend"> 13, </key>
<key name="extension"> 16, </key>
<key name="extrem"> 14, </key>
<key name="f"> 21, </key>
<key name="fact"> 16, </key>
<key name="fast"> 1, </key>
<key name="featur"> 16,12, </key>
<key name="few"> 20,14, </key>
<key name="fifth"> 12, </key>
<key name="fil"> 5,9,6, </key>
<key name="fill"> 2, </key>
<key name="find"> 16,12,0, </key>
<key name="finger"> 10,13,12, </key>
<key name="fingerboard"> 10,5,3,4,13,11,0, </key>
<key name="first"> 16,22,11, </key>
<key name="fiv"> 20,3, </key>
<key name="flat"> 21,13, </key>
<key name="fo"> 6, </key>
<key name="focal"> 22, </key>
<key name="focus"> 11, </key>
<key name="fold"> 5,6, </key>
<key name="follow"> 2, </key>
<key name="follw"> 4, </key>
<key name="forc"> 14, </key>
<key name="formula"> 25,24,20,22,14,23, </key>
<key name="fourth"> 12, </key>
<key name="fre"> 2,16,5,25,24,23,12, </key>
<key name="fret"> 20,13,11, </key>
<key name="function"> 22,14, </key>
<key name="furth"> 16,20,12, </key>
<key name="get"> 2, </key>
<key name="giv"> 26, </key>
<key name="given"> 22,12, </key>
<key name="go"> 20,22, </key>
<key name="goal"> 0, </key>
<key name="good"> 22,12, </key>
<key name="gray"> 10, </key>
<key name="greek"> 22, </key>
<key name="green"> 13, </key>
<key name="group"> 13,12, </key>
<key name="guitar"> 2,16,5,25,24,20,23,4,13,12,6,0, </key>
<key name="guitaralchemist"> 2,12, </key>
<key name="guitarist"> 12,0, </key>
<key name="h"> 20, </key>
<key name="half"> 20, </key>
<key name="hand"> 10,5,13, </key>
<key name="hard"> 1,16, </key>
<key name="harmonic"> 25,24,20, </key>
<key name="harmony"> 20, </key>
<key name="head"> 16,14, </key>
<key name="header"> 14, </key>
<key name="help"> 2,15,20,12,11,0, </key>
<key name="hemispher"> 20, </key>
<key name="her"> 5,25,24,21,22,23, </key>
<key name="hid"> 10, </key>
<key name="hidden"> 14, </key>
<key name="high"> 1, </key>
<key name="how"> 2,20, </key>
<key name="http"> 12, </key>
<key name="hu"> 6, </key>
<key name="i"> 14, </key>
<key name="idea"> 0, </key>
<key name="identifi"> 10, </key>
<key name="if"> 2,16,21,13,12, </key>
<key name="iii"> 1, </key>
<key name="imagin"> 12, </key>
<key name="important"> 26,20, </key>
<key name="includ"> 16,12, </key>
<key name="indicat"> 16,14,13,12,11, </key>
<key name="information"> 16,11, </key>
<key name="inlay"> 5, </key>
<key name="insid"> 10, </key>
<key name="instruction"> 2, </key>
<key name="instrument"> 7, </key>
<key name="intel"> 1, </key>
<key name="interval"> 10,20,14,13, </key>
<key name="inversion"> 16, </key>
<key name="invert"> 22, </key>
<key name="italic"> 13, </key>
<key name="item"> 12, </key>
<key name="jungl"> 0, </key>
<key name="just"> 16,20,14,4,13, </key>
<key name="kept"> 4, </key>
<key name="key"> 21,13,12, </key>
<key name="kind"> 16,5, </key>
<key name="know"> 20, </key>
<key name="learn"> 22, </key>
<key name="leav"> 20, </key>
<key name="left"> 16,5, </key>
<key name="leftmost"> 16, </key>
<key name="les"> 26, </key>
<key name="let"> 22, </key>
<key name="level"> 10, </key>
<key name="lik"> 5,20, </key>
<key name="like"> 22, </key>
<key name="lin"> 10,20, </key>
<key name="link"> 12, </key>
<key name="list"> 16,15,5,14, </key>
<key name="listen"> 12, </key>
<key name="littl"> 14, </key>
<key name="ll"> 22,13, </key>
<key name="lock"> 12, </key>
<key name="look"> 20,0, </key>
<key name="lowest"> 20, </key>
<key name="main"> 16,3,4, </key>
<key name="major"> 25,20,22,14,12, </key>
<key name="mark"> 13, </key>
<key name="match"> 19,14,17,18, </key>
<key name="maximum"> 16, </key>
<key name="mb"> 1, </key>
<key name="mean"> 16,20, </key>
<key name="medium"> 16, </key>
<key name="melodi"> 20, </key>
<key name="melodic"> 25,24,20,23, </key>
<key name="menu"> 2,3,9,4, </key>
<key name="microsoft"> 1, </key>

</ftswdata>  
