<?xml version='1.0' encoding='windows-1252' ?>
<indexdata>
<key name="How to buy Guitar Alchemist" >
  <topic name="How to buy Guitar Alchemist" url="introduction_to_guitar_alchemist/how_to_buy_guitar_alchemist.htm" />
</key>
<key name="Order Now button" >
  <topic name="How to buy Guitar Alchemist" url="introduction_to_guitar_alchemist/how_to_buy_guitar_alchemist.htm" />
</key>
<key name="Register" >
  <topic name="How to buy Guitar Alchemist" url="introduction_to_guitar_alchemist/how_to_buy_guitar_alchemist.htm" />
</key>
<key name="Serial Number" >
  <topic name="How to buy Guitar Alchemist" url="introduction_to_guitar_alchemist/how_to_buy_guitar_alchemist.htm" />
</key>
<key name="System Requirements" >
  <topic name="System Requirements" url="introduction_to_guitar_alchemist/system_requirements.htm" />
</key>
<key name="The character tones" >
  <topic name="The character tones" url="music_theory_elements/the_character_tones.htm" />
</key>
<key name="The chord dictionnary panel" >
  <topic name="The chord dictionnary panel" url="the_user_interface/the_views/the_chords_view/the_chord_dictionnary_panel.htm" />
</key>
<key name="The chord selector panel" >
  <topic name="The chord selector panel" url="the_user_interface/the_views/the_chords_view/the_chord_selector_panel.htm" />
</key>
<key name="The chords view" >
  <topic name="The chords view" url="the_user_interface/the_views/the_chords_view/the_chords_view.htm" />
</key>
<key name="The fingerboard" >
  <topic name="The fingerboard" url="the_user_interface/the_fingerboard.htm" />
</key>
<key name="The fingerboard options page" >
  <topic name="The fingerboard options page" url="the_user_interface/the_options_dialog/the_fingerboard_options_page.htm" />
</key>
<key name="The harmonic major modes" >
  <topic name="The harmonic major modes" url="music_theory_elements/the_harmonic_major_modes.htm" />
</key>
<key name="The harmonic minor modes" >
  <topic name="The harmonic minor modes" url="music_theory_elements/the_harmonic_minor_modes.htm" />
</key>
<key name="The intervals" >
  <topic name="The intervals" url="music_theory_elements/the_intervals.htm" />
</key>
<key name="The keys" >
  <topic name="The keys" url="music_theory_elements/the_keys.htm" />
</key>
<key name="The main window" >
  <topic name="The main window" url="the_user_interface/the_main_window.htm" />
</key>
<key name="The major scale modes" >
  <topic name="The major scale modes" url="music_theory_elements/the_major_scale_modes.htm" />
</key>
<key name="The matching chords panel" >
  <topic name="The matching chords panel" url="the_user_interface/the_views/the_scales_view/the_matching_chords_panel.htm" />
</key>
<key name="The matching scale panel" >
  <topic name="The matching scale panel" url="the_user_interface/the_views/the_chords_view/the_matching_scale_panel.htm" />
</key>
<key name="The melodic minor modes" >
  <topic name="The melodic minor modes" url="music_theory_elements/the_melodic_minor_modes.htm" />
</key>
<key name="The menu" >
  <topic name="The menu" url="the_user_interface/the_menu.htm" />
</key>
<key name="The MIDI options page" >
  <topic name="The MIDI options page" url="the_user_interface/the_options_dialog/the_midi_options_page.htm" />
</key>
<key name="The options dialog" >
  <topic name="The options dialog" url="the_user_interface/the_options_dialog/the_options_dialog.htm" />
</key>
<key name="The scale pattern panel" >
  <topic name="The scale pattern panel" url="the_user_interface/the_views/the_scales_view/the_scale_pattern_panel.htm" />
</key>
<key name="The scale selector panel" >
  <topic name="The scale selector panel" url="the_user_interface/the_views/the_scales_view/the_scale_selector_panel.htm" />
</key>
<key name="The scales view" >
  <topic name="The scales view" url="the_user_interface/the_views/the_scales_view/the_scales_view.htm" />
</key>
<key name="The status bar" >
  <topic name="The status bar" url="the_user_interface/the_status_bar.htm" />
</key>
<key name="The theme options page" >
  <topic name="The theme options page" url="the_user_interface/the_options_dialog/the_theme_options_page.htm" />
</key>
<key name="View selector" >
  <topic name="View selector" url="the_user_interface/view_selector.htm" />
</key>
<key name="Why Guitar Alchemist ?" >
  <topic name="Why Guitar Alchemist ?" url="introduction_to_guitar_alchemist/why_guitar_alchemist_.htm" />
</key>

</indexdata>
