feature_idx,activation_count,freq,mean_when_active,max_activation,is_alive
0,0,0.0,0.0,0.0,False
1,14699,0.049426,0.214663,0.319932,True
2,0,0.0,0.0,0.0,False
3,0,0.0,0.0,0.0,False
4,291,0.000978,0.059145,0.118619,True
5,0,0.0,0.0,0.0,False
6,21839,0.073434,0.177169,0.301486,True
7,0,0.0,0.0,0.0,False
8,0,0.0,0.0,0.0,False
9,1,3e-06,0.008012,0.008012,True
10,11,3.7e-05,0.002788,0.013969,True
11,2063,0.006937,0.140434,0.215918,True
12,1202,0.004042,0.050185,0.10354,True
13,2,7e-06,0.012621,0.012621,True
14,26060,0.087628,0.491417,0.646632,True
15,0,0.0,0.0,0.0,False
16,11,3.7e-05,0.023996,0.048844,True
17,0,0.0,0.0,0.0,False
18,1,3e-06,0.006382,0.006382,True
19,1037,0.003487,0.024097,0.070886,True
20,95,0.000319,0.029174,0.047154,True
21,4,1.3e-05,0.010801,0.015845,True
22,26350,0.088603,0.414726,0.623364,True
23,1,3e-06,0.011748,0.011748,True
24,3,1e-05,0.008089,0.013101,True
25,6,2e-05,0.010767,0.013679,True
26,1,3e-06,0.012441,0.012441,True
27,21971,0.073878,0.082244,0.371858,True
28,9,3e-05,0.018994,0.029902,True
29,152,0.000511,0.059911,0.110237,True
30,0,0.0,0.0,0.0,False
31,20,6.7e-05,0.013561,0.017835,True
32,235,0.00079,0.044452,0.075131,True
33,2,7e-06,0.020847,0.020847,True
34,22101,0.074315,0.283046,0.393176,True
35,16601,0.055821,0.21944,0.341068,True
36,1,3e-06,0.012591,0.012591,True
37,0,0.0,0.0,0.0,False
38,2,7e-06,0.015922,0.019823,True
39,673,0.002263,0.062924,0.111046,True
40,565,0.0019,0.280241,0.299613,True
41,3,1e-05,0.01157,0.01812,True
42,1,3e-06,0.019246,0.019246,True
43,1,3e-06,0.010655,0.010655,True
44,0,0.0,0.0,0.0,False
45,5400,0.018158,0.027537,0.11395,True
46,80,0.000269,0.040339,0.107019,True
47,1,3e-06,0.010584,0.010584,True
48,2,7e-06,0.012434,0.018033,True
49,3,1e-05,0.013835,0.014817,True
50,12,4e-05,0.007698,0.013204,True
51,0,0.0,0.0,0.0,False
52,0,0.0,0.0,0.0,False
53,3,1e-05,0.019933,0.023249,True
54,15249,0.051275,0.235314,0.367379,True
55,213,0.000716,0.048461,0.104782,True
56,1,3e-06,0.006959,0.006959,True
57,0,0.0,0.0,0.0,False
58,1,3e-06,0.003232,0.003232,True
59,2,7e-06,0.024816,0.027872,True
60,1,3e-06,0.016154,0.016154,True
61,0,0.0,0.0,0.0,False
62,0,0.0,0.0,0.0,False
63,2,7e-06,0.00188,0.00193,True
64,175,0.000588,0.048316,0.085703,True
65,0,0.0,0.0,0.0,False
66,12,4e-05,0.032416,0.04799,True
67,20571,0.069171,0.043027,0.119843,True
68,886,0.002979,0.132179,0.157129,True
69,114,0.000383,0.018704,0.033021,True
70,0,0.0,0.0,0.0,False
71,0,0.0,0.0,0.0,False
72,238,0.0008,0.064664,0.108207,True
73,850,0.002858,0.047766,0.095754,True
74,215,0.000723,0.096785,0.202799,True
75,26,8.7e-05,0.058423,0.197979,True
76,16,5.4e-05,0.167831,0.29574,True
77,32,0.000108,0.010412,0.034845,True
78,5,1.7e-05,0.018783,0.031682,True
79,47,0.000158,0.079096,0.109359,True
80,0,0.0,0.0,0.0,False
81,0,0.0,0.0,0.0,False
82,1,3e-06,0.021853,0.021853,True
83,2,7e-06,0.021172,0.021172,True
84,1,3e-06,0.028568,0.028568,True
85,2,7e-06,0.003754,0.006043,True
86,3,1e-05,0.023481,0.029528,True
87,61,0.000205,0.078234,0.170302,True
88,0,0.0,0.0,0.0,False
89,6,2e-05,0.008285,0.008285,True
90,2,7e-06,0.028865,0.029947,True
91,1,3e-06,0.038471,0.038471,True
92,67,0.000225,0.007037,0.037234,True
93,1,3e-06,0.034041,0.034041,True
94,3,1e-05,0.023204,0.041053,True
95,0,0.0,0.0,0.0,False
96,2181,0.007334,0.121461,0.164306,True
97,44,0.000148,0.023477,0.045103,True
98,874,0.002939,0.011588,0.026089,True
99,163,0.000548,0.01426,0.057691,True
100,0,0.0,0.0,0.0,False
101,0,0.0,0.0,0.0,False
102,5,1.7e-05,0.01527,0.023883,True
103,2,7e-06,0.012413,0.012609,True
104,1,3e-06,0.003273,0.003273,True
105,297376,0.999936,0.652893,1.33003,True
106,23955,0.080549,0.531511,0.725579,True
107,0,0.0,0.0,0.0,False
108,4,1.3e-05,0.019791,0.022192,True
109,5859,0.019701,0.060704,0.150249,True
110,85,0.000286,0.031982,0.060783,True
111,3,1e-05,0.01022,0.015666,True
112,0,0.0,0.0,0.0,False
113,1191,0.004005,0.077252,0.123169,True
114,44,0.000148,0.020477,0.042011,True
115,1,3e-06,0.006544,0.006544,True
116,0,0.0,0.0,0.0,False
117,8,2.7e-05,0.020733,0.028423,True
118,8,2.7e-05,0.016674,0.019354,True
119,0,0.0,0.0,0.0,False
120,3,1e-05,0.01672,0.021506,True
121,20,6.7e-05,0.024357,0.043032,True
122,2,7e-06,0.017417,0.019923,True
123,9,3e-05,0.005274,0.009303,True
124,4,1.3e-05,0.025678,0.036286,True
125,78,0.000262,0.049848,0.076315,True
126,45,0.000151,0.092993,0.134037,True
127,5,1.7e-05,0.023999,0.043016,True
128,642,0.002159,0.0305,0.092084,True
129,0,0.0,0.0,0.0,False
130,3,1e-05,0.015042,0.020253,True
131,162,0.000545,0.043785,0.065527,True
132,5,1.7e-05,0.013455,0.016006,True
133,3,1e-05,0.006485,0.011698,True
134,20,6.7e-05,0.005865,0.012149,True
135,33,0.000111,0.016888,0.039556,True
136,1,3e-06,0.030891,0.030891,True
137,4,1.3e-05,0.017735,0.020679,True
138,0,0.0,0.0,0.0,False
139,253493,0.852378,0.212332,0.888356,True
140,0,0.0,0.0,0.0,False
141,3,1e-05,0.016749,0.019495,True
142,0,0.0,0.0,0.0,False
143,0,0.0,0.0,0.0,False
144,13,4.4e-05,0.042449,0.148146,True
145,911,0.003063,0.231119,0.251527,True
146,0,0.0,0.0,0.0,False
147,282,0.000948,0.028203,0.076637,True
148,462,0.001553,0.023123,0.099089,True
149,0,0.0,0.0,0.0,False
150,23686,0.079645,0.451788,0.619228,True
151,1,3e-06,0.008964,0.008964,True
152,4,1.3e-05,0.018066,0.023133,True
153,3,1e-05,0.018663,0.029487,True
154,9,3e-05,0.016539,0.036768,True
155,190038,0.639009,0.119093,0.549228,True
156,21,7.1e-05,0.016174,0.022796,True
157,0,0.0,0.0,0.0,False
158,4,1.3e-05,0.014219,0.021365,True
159,0,0.0,0.0,0.0,False
160,4,1.3e-05,0.018231,0.030112,True
161,45,0.000151,0.063284,0.088823,True
162,29,9.8e-05,0.005294,0.023135,True
163,95,0.000319,0.075372,0.105402,True
164,0,0.0,0.0,0.0,False
165,1514,0.005091,0.200376,0.316826,True
166,0,0.0,0.0,0.0,False
167,1,3e-06,0.006807,0.006807,True
168,9,3e-05,0.012819,0.022164,True
169,0,0.0,0.0,0.0,False
170,302,0.001015,0.062833,0.16621,True
171,0,0.0,0.0,0.0,False
172,770,0.002589,0.092665,0.165923,True
173,105,0.000353,0.062191,0.08389,True
174,0,0.0,0.0,0.0,False
175,6272,0.02109,0.091059,0.189673,True
176,7299,0.024543,0.180925,0.316214,True
177,6,2e-05,0.006407,0.009728,True
178,76,0.000256,0.066241,0.086318,True
179,3,1e-05,0.012401,0.015529,True
180,278,0.000935,0.133985,0.194294,True
181,3,1e-05,0.002862,0.007445,True
182,2,7e-06,0.009894,0.012263,True
183,23533,0.07913,0.446688,0.624524,True
184,2,7e-06,0.049058,0.049058,True
185,0,0.0,0.0,0.0,False
186,183,0.000615,0.046821,0.098893,True
187,11,3.7e-05,0.006151,0.010019,True
188,3,1e-05,0.005048,0.005062,True
189,6,2e-05,0.025386,0.064482,True
190,1,3e-06,0.007292,0.007292,True
191,109949,0.369707,0.203013,0.519416,True
192,136,0.000457,0.053353,0.08129,True
193,3,1e-05,0.01091,0.01493,True
194,150,0.000504,0.04069,0.061248,True
195,13847,0.046561,0.044153,0.10546,True
196,1,3e-06,0.022498,0.022498,True
197,0,0.0,0.0,0.0,False
198,0,0.0,0.0,0.0,False
199,0,0.0,0.0,0.0,False
200,0,0.0,0.0,0.0,False
201,174,0.000585,0.046456,0.135963,True
202,2,7e-06,0.013738,0.01411,True
203,172,0.000578,0.048639,0.092696,True
204,0,0.0,0.0,0.0,False
205,2,7e-06,0.012158,0.012158,True
206,3,1e-05,0.003228,0.004112,True
207,1,3e-06,0.007864,0.007864,True
208,1,3e-06,0.00951,0.00951,True
209,0,0.0,0.0,0.0,False
210,1,3e-06,0.000141,0.000141,True
211,2,7e-06,0.006376,0.006376,True
212,23774,0.079941,0.494787,0.679993,True
213,0,0.0,0.0,0.0,False
214,94,0.000316,0.00631,0.016317,True
215,2,7e-06,0.017243,0.018396,True
216,5,1.7e-05,0.017506,0.031867,True
217,1344,0.004519,0.0484,0.071093,True
218,2,7e-06,0.020498,0.028653,True
219,0,0.0,0.0,0.0,False
220,2,7e-06,0.022586,0.031305,True
221,6,2e-05,0.009787,0.01968,True
222,4,1.3e-05,0.005175,0.005175,True
223,182,0.000612,0.01867,0.044158,True
224,2,7e-06,0.016205,0.020855,True
225,19,6.4e-05,0.043773,0.056338,True
226,1,3e-06,0.015907,0.015907,True
227,4,1.3e-05,0.014238,0.027196,True
228,8,2.7e-05,0.017973,0.036204,True
229,381,0.001281,0.045849,0.203141,True
230,690,0.00232,0.139771,0.425832,True
231,135932,0.457076,0.124797,0.750971,True
232,12,4e-05,0.008479,0.017501,True
233,14,4.7e-05,0.008736,0.013239,True
234,188,0.000632,0.078022,0.120745,True
235,0,0.0,0.0,0.0,False
236,3,1e-05,0.009639,0.014096,True
237,1,3e-06,0.007559,0.007559,True
238,63,0.000212,0.05554,0.095215,True
239,1,3e-06,0.049786,0.049786,True
240,1069,0.003595,0.080443,0.135092,True
241,0,0.0,0.0,0.0,False
242,591,0.001987,0.024698,0.067843,True
243,21,7.1e-05,0.005058,0.014443,True
244,0,0.0,0.0,0.0,False
245,2081,0.006997,0.021707,0.058003,True
246,198475,0.667378,0.103635,0.391237,True
247,0,0.0,0.0,0.0,False
248,94204,0.316764,0.097454,0.540958,True
249,329,0.001106,0.031398,0.073605,True
250,6,2e-05,0.009851,0.009851,True
251,494,0.001661,0.065534,0.201254,True
252,60,0.000202,0.006767,0.014249,True
253,142,0.000477,0.020709,0.041313,True
254,313,0.001052,0.045655,0.129867,True
255,13598,0.045724,0.229728,0.380666,True
256,1,3e-06,0.037044,0.037044,True
257,13184,0.044332,0.064027,0.136851,True
258,2,7e-06,0.015663,0.015663,True
259,0,0.0,0.0,0.0,False
260,0,0.0,0.0,0.0,False
261,301,0.001012,0.032849,0.115646,True
262,60,0.000202,0.018685,0.059415,True
263,47324,0.159128,0.098149,0.503733,True
264,3418,0.011493,0.073933,0.129959,True
265,282608,0.950278,0.265371,0.676701,True
266,247,0.000831,0.054886,0.071672,True
267,24837,0.083515,0.112662,0.396777,True
268,181,0.000609,0.028158,0.059911,True
269,0,0.0,0.0,0.0,False
270,527,0.001772,0.04758,0.126807,True
271,8,2.7e-05,0.034597,0.071384,True
272,1,3e-06,0.005076,0.005076,True
273,1,3e-06,0.017707,0.017707,True
274,1,3e-06,0.017869,0.017869,True
275,0,0.0,0.0,0.0,False
276,1,3e-06,0.004108,0.004108,True
277,0,0.0,0.0,0.0,False
278,143,0.000481,0.043566,0.117306,True
279,7,2.4e-05,0.02144,0.023408,True
280,4,1.3e-05,0.020016,0.025363,True
281,709,0.002384,0.034193,0.098335,True
282,11,3.7e-05,0.01239,0.036965,True
283,6,2e-05,0.018935,0.024234,True
284,13485,0.045344,0.032536,0.098349,True
285,107,0.00036,0.06643,0.096024,True
286,2,7e-06,0.00855,0.012978,True
287,1,3e-06,0.078866,0.078866,True
288,147117,0.494686,0.099055,0.479247,True
289,4,1.3e-05,0.025038,0.034891,True
290,3,1e-05,0.028999,0.053343,True
291,1,3e-06,0.003372,0.003372,True
292,0,0.0,0.0,0.0,False
293,3,1e-05,0.008025,0.009138,True
294,0,0.0,0.0,0.0,False
295,2,7e-06,0.008656,0.008854,True
296,261354,0.878811,0.235922,0.84683,True
297,194,0.000652,0.023133,0.056769,True
298,2,7e-06,0.022606,0.022652,True
299,1,3e-06,0.013697,0.013697,True
300,8050,0.027068,0.134272,0.173235,True
301,1,3e-06,0.011899,0.011899,True
302,552,0.001856,0.049684,0.132198,True
303,8964,0.030142,0.037182,0.109293,True
304,0,0.0,0.0,0.0,False
305,761,0.002559,0.048794,0.086894,True
306,237,0.000797,0.053203,0.113589,True
307,1,3e-06,0.017637,0.017637,True
308,15,5e-05,0.010597,0.01651,True
309,3742,0.012583,0.042187,0.132571,True
310,0,0.0,0.0,0.0,False
311,210,0.000706,0.034141,0.066714,True
312,80,0.000269,0.025548,0.047303,True
313,27287,0.091753,0.204565,0.361666,True
314,3,1e-05,0.0203,0.029617,True
315,1,3e-06,0.020326,0.020326,True
316,116,0.00039,0.015506,0.037177,True
317,1,3e-06,0.009086,0.009086,True
318,4,1.3e-05,0.013431,0.015371,True
319,13307,0.044745,0.050543,0.115657,True
320,46917,0.15776,0.133225,0.402902,True
321,0,0.0,0.0,0.0,False
322,0,0.0,0.0,0.0,False
323,1,3e-06,0.010202,0.010202,True
324,2,7e-06,0.037866,0.05,True
325,1,3e-06,0.011665,0.011665,True
326,2,7e-06,0.02147,0.022837,True
327,0,0.0,0.0,0.0,False
328,4,1.3e-05,0.015337,0.018035,True
329,47,0.000158,0.013566,0.04426,True
330,2,7e-06,0.041412,0.05617,True
331,8919,0.02999,0.304566,0.381746,True
332,1,3e-06,0.011955,0.011955,True
333,224,0.000753,0.045104,0.059967,True
334,40999,0.13786,0.076551,0.442086,True
335,9,3e-05,0.024341,0.025681,True
336,1,3e-06,0.005385,0.005385,True
337,166,0.000558,0.014404,0.03227,True
338,1,3e-06,0.023364,0.023364,True
339,2578,0.008669,0.054245,0.171219,True
340,0,0.0,0.0,0.0,False
341,26,8.7e-05,0.00704,0.00784,True
342,2,7e-06,0.021099,0.024338,True
343,3,1e-05,0.020231,0.022455,True
344,371,0.001247,0.025,0.049401,True
345,288262,0.96929,0.355224,0.894297,True
346,2,7e-06,0.014044,0.01622,True
347,76,0.000256,0.143917,0.334123,True
348,26159,0.08796,0.5251,0.71315,True
349,0,0.0,0.0,0.0,False
350,169,0.000568,0.031935,0.061723,True
351,34,0.000114,0.010387,0.017402,True
352,249,0.000837,0.027377,0.053832,True
353,12,4e-05,0.019955,0.023426,True
354,1,3e-06,0.01445,0.01445,True
355,0,0.0,0.0,0.0,False
356,96,0.000323,0.040818,0.262935,True
357,0,0.0,0.0,0.0,False
358,2,7e-06,0.013169,0.01816,True
359,0,0.0,0.0,0.0,False
360,1730,0.005817,0.168457,0.204114,True
361,24642,0.082859,0.086599,0.374147,True
362,3,1e-05,0.019001,0.032194,True
363,105,0.000353,0.067656,0.156504,True
364,219,0.000736,0.166907,0.224911,True
365,276334,0.929182,0.252034,0.862008,True
366,1,3e-06,0.036265,0.036265,True
367,4,1.3e-05,0.010588,0.012309,True
368,297045,0.998823,0.514258,0.982349,True
369,315,0.001059,0.03537,0.071337,True
370,0,0.0,0.0,0.0,False
371,0,0.0,0.0,0.0,False
372,7,2.4e-05,0.010939,0.017813,True
373,71,0.000239,0.011012,0.028677,True
374,62,0.000208,0.117507,0.164381,True
375,1,3e-06,0.016687,0.016687,True
376,15,5e-05,0.009344,0.01838,True
377,4,1.3e-05,0.005348,0.006739,True
378,113,0.00038,0.0103,0.022582,True
379,8,2.7e-05,0.029494,0.05331,True
380,0,0.0,0.0,0.0,False
381,128,0.00043,0.053227,0.082896,True
382,558,0.001876,0.066276,0.151584,True
383,4,1.3e-05,0.019486,0.030086,True
384,2,7e-06,0.024655,0.033335,True
385,8521,0.028652,0.185766,0.320102,True
386,2946,0.009906,0.098147,0.185037,True
387,1967,0.006614,0.099651,0.15344,True
388,881,0.002962,0.028774,0.111695,True
389,2602,0.008749,0.044629,0.149014,True
390,3,1e-05,0.009846,0.012143,True
391,2,7e-06,0.04077,0.054409,True
392,858,0.002885,0.168031,0.232939,True
393,2,7e-06,0.012843,0.017018,True
394,14,4.7e-05,0.014392,0.03283,True
395,341,0.001147,0.060661,0.112412,True
396,0,0.0,0.0,0.0,False
397,5752,0.019341,0.282441,0.362973,True
398,2,7e-06,0.012374,0.016164,True
399,14729,0.049527,0.194447,0.351377,True
400,2,7e-06,0.027056,0.031567,True
401,13526,0.045482,0.280434,0.366965,True
402,1,3e-06,0.01417,0.01417,True
403,0,0.0,0.0,0.0,False
404,2,7e-06,0.018533,0.018533,True
405,0,0.0,0.0,0.0,False
406,25296,0.085059,0.154479,0.468908,True
407,381,0.001281,0.089471,0.366565,True
408,689,0.002317,0.042786,0.0796,True
409,82,0.000276,0.065171,0.123088,True
410,184,0.000619,0.065513,0.150845,True
411,0,0.0,0.0,0.0,False
412,473,0.00159,0.063305,0.157926,True
413,2,7e-06,0.011913,0.019525,True
414,3270,0.010995,0.043998,0.106021,True
415,0,0.0,0.0,0.0,False
416,0,0.0,0.0,0.0,False
417,0,0.0,0.0,0.0,False
418,7,2.4e-05,0.011253,0.014676,True
419,8884,0.029873,0.271754,0.362182,True
420,74,0.000249,0.043968,0.079483,True
421,0,0.0,0.0,0.0,False
422,7,2.4e-05,0.015811,0.032452,True
423,44,0.000148,0.037001,0.151622,True
424,17,5.7e-05,0.009181,0.022522,True
425,1,3e-06,0.023034,0.023034,True
426,557,0.001873,0.019337,0.075108,True
427,0,0.0,0.0,0.0,False
428,13204,0.044399,0.037316,0.135936,True
429,248,0.000834,0.049807,0.073419,True
430,23,7.7e-05,0.005332,0.017208,True
431,0,0.0,0.0,0.0,False
432,280,0.000942,0.181043,0.260046,True
433,1,3e-06,0.014708,0.014708,True
434,0,0.0,0.0,0.0,False
435,2,7e-06,0.020655,0.023247,True
436,13,4.4e-05,0.010718,0.01979,True
437,97,0.000326,0.078641,0.11495,True
438,0,0.0,0.0,0.0,False
439,16,5.4e-05,0.020533,0.024747,True
440,183624,0.617441,0.106198,0.370723,True
441,99,0.000333,0.041344,0.085983,True
442,305,0.001026,0.151761,0.243641,True
443,2,7e-06,0.035963,0.037325,True
444,16,5.4e-05,0.019337,0.038712,True
445,59,0.000198,0.011593,0.018118,True
446,2,7e-06,0.026304,0.026984,True
447,0,0.0,0.0,0.0,False
448,21,7.1e-05,0.026497,0.056766,True
449,1,3e-06,0.007049,0.007049,True
450,50,0.000168,0.044627,0.084805,True
451,0,0.0,0.0,0.0,False
452,1,3e-06,0.013028,0.013028,True
453,2,7e-06,0.020532,0.024656,True
454,98833,0.332329,0.021137,0.105455,True
455,1188,0.003995,0.035536,0.097103,True
456,2,7e-06,0.021098,0.022126,True
457,0,0.0,0.0,0.0,False
458,207,0.000696,0.059095,0.093053,True
459,0,0.0,0.0,0.0,False
460,2,7e-06,0.009381,0.009706,True
461,1078,0.003625,0.043734,0.130583,True
462,10,3.4e-05,0.021015,0.049012,True
463,20730,0.069705,0.167862,0.357561,True
464,266937,0.897584,0.24616,0.629447,True
465,1,3e-06,0.036419,0.036419,True
466,26372,0.088677,0.291271,0.356156,True
467,0,0.0,0.0,0.0,False
468,12587,0.042324,0.171704,0.336738,True
469,3,1e-05,0.035298,0.054528,True
470,2,7e-06,0.008495,0.014286,True
471,6173,0.020757,0.161981,0.215328,True
472,1,3e-06,0.011919,0.011919,True
473,499,0.001678,0.034555,0.088523,True
474,98,0.00033,0.028623,0.07082,True
475,0,0.0,0.0,0.0,False
476,1861,0.006258,0.13967,0.170201,True
477,1,3e-06,0.019934,0.019934,True
478,11,3.7e-05,0.002518,0.006835,True
479,0,0.0,0.0,0.0,False
480,333,0.00112,0.046237,0.118328,True
481,353,0.001187,0.07406,0.10702,True
482,79,0.000266,0.018439,0.025416,True
483,22567,0.075882,0.089169,0.320099,True
484,54,0.000182,0.033056,0.053455,True
485,5,1.7e-05,0.043989,0.064004,True
486,1869,0.006285,0.18016,0.290217,True
487,3,1e-05,0.009347,0.015039,True
488,2,7e-06,0.009289,0.010795,True
489,3,1e-05,0.031969,0.037906,True
490,1754,0.005898,0.196382,0.286516,True
491,2,7e-06,0.003473,0.003473,True
492,0,0.0,0.0,0.0,False
493,0,0.0,0.0,0.0,False
494,2,7e-06,0.020982,0.029969,True
495,95850,0.322299,0.077506,0.341105,True
496,10067,0.033851,0.135534,0.231808,True
497,22794,0.076646,0.207952,0.331092,True
498,244,0.00082,0.019511,0.04006,True
499,2,7e-06,0.031316,0.037618,True
500,207345,0.697204,0.150141,0.65783,True
501,700,0.002354,0.125216,0.449837,True
502,2400,0.00807,0.161959,0.181886,True
503,1,3e-06,0.035037,0.035037,True
504,16,5.4e-05,0.018636,0.024455,True
505,195,0.000656,0.04987,0.095589,True
506,12201,0.041026,0.092421,0.372723,True
507,1,3e-06,0.010274,0.010274,True
508,0,0.0,0.0,0.0,False
509,51863,0.174391,0.016895,0.097619,True
510,0,0.0,0.0,0.0,False
511,94,0.000316,0.028497,0.040253,True
512,1,3e-06,0.034707,0.034707,True
513,0,0.0,0.0,0.0,False
514,2,7e-06,0.01611,0.024404,True
515,5,1.7e-05,0.01083,0.011148,True
516,12,4e-05,0.061537,0.107302,True
517,0,0.0,0.0,0.0,False
518,0,0.0,0.0,0.0,False
519,1,3e-06,0.006721,0.006721,True
520,215,0.000723,0.019707,0.056154,True
521,1,3e-06,0.014943,0.014943,True
522,12,4e-05,0.00791,0.020663,True
523,1,3e-06,0.011716,0.011716,True
524,0,0.0,0.0,0.0,False
525,2,7e-06,0.0177,0.023734,True
526,120,0.000404,0.053524,0.135978,True
527,2,7e-06,0.020687,0.021786,True
528,24,8.1e-05,0.002943,0.010864,True
529,22134,0.074426,0.092547,0.308546,True
530,2,7e-06,0.010775,0.010775,True
531,1,3e-06,0.038301,0.038301,True
532,17,5.7e-05,0.013986,0.036277,True
533,0,0.0,0.0,0.0,False
534,445,0.001496,0.043883,0.110773,True
535,2,7e-06,0.011756,0.013014,True
536,0,0.0,0.0,0.0,False
537,35,0.000118,0.022642,0.030408,True
538,25915,0.08714,0.557071,0.70659,True
539,0,0.0,0.0,0.0,False
540,0,0.0,0.0,0.0,False
541,2,7e-06,0.007635,0.008734,True
542,62,0.000208,0.018779,0.040914,True
543,335,0.001126,0.031908,0.049411,True
544,0,0.0,0.0,0.0,False
545,2,7e-06,0.021267,0.021778,True
546,419,0.001409,0.108726,0.143576,True
547,0,0.0,0.0,0.0,False
548,0,0.0,0.0,0.0,False
549,41,0.000138,0.012198,0.030879,True
550,85,0.000286,0.00443,0.007119,True
551,0,0.0,0.0,0.0,False
552,0,0.0,0.0,0.0,False
553,1,3e-06,0.009279,0.009279,True
554,21929,0.073737,0.081339,0.379667,True
555,620,0.002085,0.042421,0.087412,True
556,0,0.0,0.0,0.0,False
557,31915,0.107315,0.192928,0.396443,True
558,2,7e-06,0.008989,0.008989,True
559,15,5e-05,0.013265,0.042936,True
560,0,0.0,0.0,0.0,False
561,1,3e-06,0.037295,0.037295,True
562,0,0.0,0.0,0.0,False
563,4,1.3e-05,0.009688,0.02535,True
564,7,2.4e-05,0.011935,0.019117,True
565,240,0.000807,0.005988,0.019364,True
566,5,1.7e-05,0.0116,0.017625,True
567,1,3e-06,0.005434,0.005434,True
568,3,1e-05,0.008504,0.008504,True
569,5,1.7e-05,0.012903,0.016771,True
570,130822,0.439893,0.087323,0.229542,True
571,0,0.0,0.0,0.0,False
572,0,0.0,0.0,0.0,False
573,5,1.7e-05,0.011112,0.025254,True
574,0,0.0,0.0,0.0,False
575,1,3e-06,0.020892,0.020892,True
576,0,0.0,0.0,0.0,False
577,1,3e-06,0.007534,0.007534,True
578,4,1.3e-05,0.019811,0.019934,True
579,1741,0.005854,0.112655,0.152969,True
580,50,0.000168,0.034033,0.049611,True
581,132,0.000444,0.094256,0.141481,True
582,1,3e-06,0.024746,0.024746,True
583,191,0.000642,0.039982,0.109039,True
584,62,0.000208,0.034181,0.051875,True
585,1871,0.006291,0.201217,0.260033,True
586,1,3e-06,0.018848,0.018848,True
587,1,3e-06,0.011607,0.011607,True
588,0,0.0,0.0,0.0,False
589,0,0.0,0.0,0.0,False
590,550,0.001849,0.034533,0.085516,True
591,2,7e-06,0.015499,0.016152,True
592,2,7e-06,0.003884,0.003884,True
593,26185,0.088048,0.071732,0.308163,True
594,4,1.3e-05,0.0078,0.010614,True
595,818,0.002751,0.028606,0.083078,True
596,38,0.000128,0.03161,0.048737,True
597,6,2e-05,0.048047,0.07512,True
598,9814,0.033,0.163707,0.239834,True
599,266,0.000894,0.129631,0.174082,True
600,2,7e-06,0.028771,0.031551,True
601,0,0.0,0.0,0.0,False
602,191,0.000642,0.042795,0.086372,True
603,13,4.4e-05,0.0076,0.020121,True
604,2,7e-06,0.027927,0.030784,True
605,1,3e-06,0.007003,0.007003,True
606,1,3e-06,0.016225,0.016225,True
607,2,7e-06,0.014778,0.014778,True
608,0,0.0,0.0,0.0,False
609,0,0.0,0.0,0.0,False
610,0,0.0,0.0,0.0,False
611,9850,0.033121,0.04012,0.097715,True
612,0,0.0,0.0,0.0,False
613,0,0.0,0.0,0.0,False
614,6274,0.021097,0.114251,0.21108,True
615,17,5.7e-05,0.034874,0.052814,True
616,0,0.0,0.0,0.0,False
617,1,3e-06,0.022688,0.022688,True
618,1,3e-06,0.0096,0.0096,True
619,1343,0.004516,0.042016,0.098484,True
620,1152,0.003874,0.040294,0.080701,True
621,11,3.7e-05,0.023934,0.038333,True
622,1,3e-06,0.00799,0.00799,True
623,4697,0.015794,0.074009,0.186327,True
624,611,0.002055,0.039714,0.064517,True
625,3038,0.010215,0.029108,0.057659,True
626,1086,0.003652,0.051283,0.126615,True
627,22371,0.075223,0.086979,0.33101,True
628,0,0.0,0.0,0.0,False
629,111,0.000373,0.042018,0.08638,True
630,13518,0.045455,0.257656,0.338805,True
631,0,0.0,0.0,0.0,False
632,26026,0.087513,0.255275,0.378373,True
633,0,0.0,0.0,0.0,False
634,17,5.7e-05,0.006099,0.016846,True
635,1,3e-06,0.012222,0.012222,True
636,6,2e-05,0.009934,0.028571,True
637,418,0.001406,0.038355,0.078133,True
638,1142,0.00384,0.055714,0.215714,True
639,22641,0.076131,0.074479,0.257567,True
640,1,3e-06,0.021483,0.021483,True
641,4,1.3e-05,0.015942,0.03034,True
642,33447,0.112467,0.066901,0.288756,True
643,107,0.00036,0.052466,0.07704,True
644,339,0.00114,0.033373,0.1601,True
645,382,0.001284,0.047428,0.103869,True
646,18,6.1e-05,0.012242,0.029569,True
647,3,1e-05,0.006333,0.009574,True
648,6,2e-05,0.010869,0.01604,True
649,0,0.0,0.0,0.0,False
650,29,9.8e-05,0.011265,0.024734,True
651,104,0.00035,0.071307,0.139556,True
652,123,0.000414,0.002789,0.016542,True
653,1175,0.003951,0.038296,0.098055,True
654,1435,0.004825,0.034463,0.096309,True
655,764,0.002569,0.09644,0.134621,True
656,504,0.001695,0.026704,0.085917,True
657,123000,0.413591,0.070938,0.26203,True
658,5601,0.018834,0.103832,0.145275,True
659,0,0.0,0.0,0.0,False
660,2,7e-06,0.008468,0.013985,True
661,201,0.000676,0.085747,0.161655,True
662,138,0.000464,0.028929,0.042027,True
663,10,3.4e-05,0.019683,0.086656,True
664,272,0.000915,0.063483,0.104337,True
665,0,0.0,0.0,0.0,False
666,64026,0.215289,0.119629,0.265065,True
667,1,3e-06,0.002948,0.002948,True
668,118346,0.397942,0.13143,0.422863,True
669,1,3e-06,0.031114,0.031114,True
670,103,0.000346,0.013654,0.024809,True
671,122,0.00041,0.03418,0.073379,True
672,628,0.002112,0.171019,0.493585,True
673,0,0.0,0.0,0.0,False
674,3,1e-05,0.003633,0.006044,True
675,6,2e-05,0.094569,0.107814,True
676,5,1.7e-05,0.012591,0.021319,True
677,142,0.000477,0.006369,0.020484,True
678,2,7e-06,0.006363,0.010279,True
679,2,7e-06,0.021746,0.021746,True
680,2,7e-06,0.015913,0.015913,True
681,19,6.4e-05,0.004353,0.007309,True
682,136045,0.457456,0.093624,0.303687,True
683,1205,0.004052,0.226445,0.282479,True
684,0,0.0,0.0,0.0,False
685,0,0.0,0.0,0.0,False
686,3044,0.010236,0.156515,0.175626,True
687,4,1.3e-05,0.009996,0.014219,True
688,4,1.3e-05,0.012191,0.022031,True
689,23002,0.077345,0.241343,0.359181,True
690,0,0.0,0.0,0.0,False
691,0,0.0,0.0,0.0,False
692,1,3e-06,0.034555,0.034555,True
693,0,0.0,0.0,0.0,False
694,815,0.00274,0.029666,0.073894,True
695,0,0.0,0.0,0.0,False
696,1,3e-06,0.003422,0.003422,True
697,1,3e-06,0.046013,0.046013,True
698,0,0.0,0.0,0.0,False
699,0,0.0,0.0,0.0,False
700,0,0.0,0.0,0.0,False
701,0,0.0,0.0,0.0,False
702,54,0.000182,0.059989,0.089242,True
703,1,3e-06,0.024329,0.024329,True
704,4,1.3e-05,0.017676,0.020045,True
705,658,0.002213,0.09758,0.147369,True
706,1,3e-06,0.011208,0.011208,True
707,2,7e-06,0.011702,0.012495,True
708,57,0.000192,0.034573,0.0743,True
709,10,3.4e-05,0.005715,0.020616,True
710,1,3e-06,0.017278,0.017278,True
711,6,2e-05,0.026133,0.034345,True
712,251432,0.845448,0.158698,0.435319,True
713,27582,0.092745,0.527986,0.764413,True
714,28805,0.096858,0.106182,0.437459,True
715,224744,0.755709,0.040523,0.157141,True
716,0,0.0,0.0,0.0,False
717,137,0.000461,0.07752,0.146046,True
718,0,0.0,0.0,0.0,False
719,23974,0.080613,0.535204,0.719764,True
720,270,0.000908,0.05914,0.194344,True
721,23560,0.079221,0.588883,0.800261,True
722,0,0.0,0.0,0.0,False
723,50,0.000168,0.041633,0.052651,True
724,46,0.000155,0.012407,0.020832,True
725,1,3e-06,0.011722,0.011722,True
726,3,1e-05,0.01354,0.017154,True
727,1,3e-06,0.015264,0.015264,True
728,161,0.000541,0.035267,0.107704,True
729,363,0.001221,0.055145,0.104189,True
730,22,7.4e-05,0.015823,0.019206,True
731,2,7e-06,0.012735,0.016192,True
732,1,3e-06,0.013711,0.013711,True
733,2167,0.007287,0.139686,0.198613,True
734,0,0.0,0.0,0.0,False
735,91,0.000306,0.058857,0.091518,True
736,296393,0.996631,0.38757,0.99468,True
737,0,0.0,0.0,0.0,False
738,0,0.0,0.0,0.0,False
739,1,3e-06,0.01875,0.01875,True
740,0,0.0,0.0,0.0,False
741,119,0.0004,0.050378,0.079105,True
742,1,3e-06,0.008222,0.008222,True
743,21545,0.072446,0.093819,0.376332,True
744,7,2.4e-05,0.013923,0.017533,True
745,7609,0.025586,0.210132,0.445581,True
746,109,0.000367,0.118102,0.15777,True
747,0,0.0,0.0,0.0,False
748,36,0.000121,0.0058,0.013649,True
749,2,7e-06,0.013292,0.015138,True
750,0,0.0,0.0,0.0,False
751,4,1.3e-05,0.009136,0.009519,True
752,0,0.0,0.0,0.0,False
753,22243,0.074793,0.087737,0.320646,True
754,1,3e-06,0.013702,0.013702,True
755,3,1e-05,0.00457,0.005084,True
756,4,1.3e-05,0.015226,0.036087,True
757,11,3.7e-05,0.037394,0.058857,True
758,10477,0.035229,0.16044,0.239706,True
759,0,0.0,0.0,0.0,False
760,3,1e-05,0.052341,0.124358,True
761,0,0.0,0.0,0.0,False
762,0,0.0,0.0,0.0,False
763,12,4e-05,0.010778,0.01996,True
764,75,0.000252,0.10202,0.343941,True
765,1,3e-06,0.029731,0.029731,True
766,1,3e-06,0.021644,0.021644,True
767,1606,0.0054,0.073376,0.126547,True
768,3,1e-05,0.002889,0.003453,True
769,0,0.0,0.0,0.0,False
770,1668,0.005609,0.059318,0.177526,True
771,160941,0.541169,0.137468,0.554839,True
772,11,3.7e-05,0.003347,0.005976,True
773,268,0.000901,0.020912,0.039715,True
774,6,2e-05,0.018678,0.027515,True
775,4,1.3e-05,0.003938,0.005126,True
776,297395,1.0,0.829992,1.241955,True
777,0,0.0,0.0,0.0,False
778,1,3e-06,0.021113,0.021113,True
779,2,7e-06,0.004396,0.004408,True
780,1465,0.004926,0.03525,0.076808,True
781,2,7e-06,0.01393,0.016824,True
782,1,3e-06,0.018476,0.018476,True
783,1,3e-06,0.020584,0.020584,True
784,134,0.000451,0.024987,0.037045,True
785,239843,0.80648,0.286531,0.809243,True
786,24199,0.08137,0.460202,0.615413,True
787,6,2e-05,0.033129,0.038423,True
788,240530,0.80879,0.195265,0.625104,True
789,6,2e-05,0.010404,0.014853,True
790,651,0.002189,0.033194,0.05447,True
791,167,0.000562,0.101936,0.129127,True
792,81,0.000272,0.014286,0.026782,True
793,196,0.000659,0.035725,0.07955,True
794,2,7e-06,0.007786,0.008707,True
795,4,1.3e-05,0.023582,0.034399,True
796,9,3e-05,0.014494,0.033028,True
797,2318,0.007794,0.032071,0.08276,True
798,2,7e-06,0.036426,0.036426,True
799,817,0.002747,0.08739,0.21875,True
800,4149,0.013951,0.177985,0.213386,True
801,0,0.0,0.0,0.0,False
802,4266,0.014345,0.036058,0.168282,True
803,40,0.000135,0.02704,0.061868,True
804,0,0.0,0.0,0.0,False
805,4,1.3e-05,0.012486,0.014331,True
806,121,0.000407,0.070331,0.136539,True
807,21820,0.07337,0.303226,0.391236,True
808,14974,0.050351,0.269617,0.36422,True
809,129347,0.434933,0.170474,0.473258,True
810,425,0.001429,0.028106,0.056107,True
811,1,3e-06,0.008008,0.008008,True
812,2,7e-06,0.014566,0.021565,True
813,2,7e-06,0.010722,0.0136,True
814,3,1e-05,0.02409,0.02409,True
815,0,0.0,0.0,0.0,False
816,1,3e-06,0.010504,0.010504,True
817,77,0.000259,0.023588,0.080749,True
818,38,0.000128,0.006112,0.020333,True
819,852,0.002865,0.131346,0.190976,True
820,2,7e-06,0.008822,0.009951,True
821,4,1.3e-05,0.022375,0.023608,True
822,0,0.0,0.0,0.0,False
823,74377,0.250095,0.058815,0.167066,True
824,1,3e-06,0.001114,0.001114,True
825,1,3e-06,0.004857,0.004857,True
826,0,0.0,0.0,0.0,False
827,258982,0.870835,0.221929,0.596471,True
828,4,1.3e-05,0.017356,0.020537,True
829,1,3e-06,0.017191,0.017191,True
830,3741,0.012579,0.150214,0.268906,True
831,0,0.0,0.0,0.0,False
832,105,0.000353,0.019826,0.054303,True
833,2695,0.009062,0.05255,0.110431,True
834,2,7e-06,0.013273,0.01345,True
835,42,0.000141,0.049527,0.072536,True
836,702,0.00236,0.040475,0.123906,True
837,1795,0.006036,0.132604,0.184019,True
838,4269,0.014355,0.150593,0.234193,True
839,49,0.000165,0.014015,0.030185,True
840,372,0.001251,0.035505,0.057014,True
841,8,2.7e-05,0.020595,0.031497,True
842,126,0.000424,0.017164,0.037538,True
843,0,0.0,0.0,0.0,False
844,7,2.4e-05,0.007732,0.00824,True
845,161,0.000541,0.078867,0.109139,True
846,8,2.7e-05,0.028176,0.055934,True
847,789,0.002653,0.19137,0.21016,True
848,0,0.0,0.0,0.0,False
849,2,7e-06,0.030349,0.030825,True
850,290216,0.97586,0.274522,0.879254,True
851,101052,0.339791,0.053406,0.1803,True
852,11,3.7e-05,0.053769,0.057818,True
853,0,0.0,0.0,0.0,False
854,7,2.4e-05,0.015699,0.041799,True
855,0,0.0,0.0,0.0,False
856,82,0.000276,0.087016,0.184279,True
857,16,5.4e-05,0.03118,0.053491,True
858,10191,0.034268,0.194559,0.292264,True
859,1,3e-06,0.015257,0.015257,True
860,19,6.4e-05,0.006352,0.024705,True
861,2,7e-06,0.012216,0.012216,True
862,0,0.0,0.0,0.0,False
863,86,0.000289,0.04872,0.066356,True
864,1,3e-06,0.06474,0.06474,True
865,0,0.0,0.0,0.0,False
866,1295,0.004354,0.203077,0.251533,True
867,46,0.000155,0.038217,0.083971,True
868,188,0.000632,0.037361,0.094259,True
869,32,0.000108,0.044641,0.058786,True
870,123961,0.416823,0.127632,0.579475,True
871,2,7e-06,0.026012,0.026149,True
872,5,1.7e-05,0.006976,0.012696,True
873,0,0.0,0.0,0.0,False
874,0,0.0,0.0,0.0,False
875,93,0.000313,0.038591,0.07284,True
876,2,7e-06,0.013015,0.013015,True
877,5,1.7e-05,0.021389,0.029709,True
878,3,1e-05,0.012617,0.01747,True
879,1,3e-06,0.012296,0.012296,True
880,695,0.002337,0.034235,0.134434,True
881,0,0.0,0.0,0.0,False
882,19,6.4e-05,0.045284,0.184542,True
883,31,0.000104,0.117126,0.316268,True
884,1,3e-06,0.040089,0.040089,True
885,0,0.0,0.0,0.0,False
886,0,0.0,0.0,0.0,False
887,247,0.000831,0.055465,0.100096,True
888,13783,0.046346,0.184642,0.398575,True
889,2,7e-06,0.003459,0.005587,True
890,0,0.0,0.0,0.0,False
891,3,1e-05,0.001514,0.001766,True
892,583,0.00196,0.076355,0.104934,True
893,0,0.0,0.0,0.0,False
894,0,0.0,0.0,0.0,False
895,4,1.3e-05,0.018413,0.020551,True
896,63,0.000212,0.026537,0.084646,True
897,1029,0.00346,0.085977,0.12667,True
898,0,0.0,0.0,0.0,False
899,1,3e-06,0.008417,0.008417,True
900,17,5.7e-05,0.025978,0.072417,True
901,0,0.0,0.0,0.0,False
902,85,0.000286,0.045885,0.097805,True
903,359,0.001207,0.024916,0.050044,True
904,0,0.0,0.0,0.0,False
905,1571,0.005283,0.081798,0.182638,True
906,6,2e-05,0.003536,0.010217,True
907,16,5.4e-05,0.005457,0.008733,True
908,3648,0.012267,0.143947,0.183641,True
909,1,3e-06,0.071735,0.071735,True
910,9592,0.032253,0.028483,0.148275,True
911,2,7e-06,0.004245,0.004565,True
912,2,7e-06,0.03172,0.043624,True
913,0,0.0,0.0,0.0,False
914,20191,0.067893,0.240422,0.343075,True
915,66,0.000222,0.047506,0.089113,True
916,247290,0.83152,0.197254,0.762447,True
917,271,0.000911,0.095301,0.13915,True
918,0,0.0,0.0,0.0,False
919,2,7e-06,0.001816,0.001819,True
920,5,1.7e-05,0.045611,0.056353,True
921,7,2.4e-05,0.019105,0.027888,True
922,205,0.000689,0.027594,0.060844,True
923,2227,0.007488,0.093349,0.189788,True
924,689,0.002317,0.086344,0.137847,True
925,0,0.0,0.0,0.0,False
926,16,5.4e-05,0.027283,0.047118,True
927,18,6.1e-05,0.00583,0.00959,True
928,0,0.0,0.0,0.0,False
929,131,0.00044,0.024093,0.054655,True
930,543,0.001826,0.066792,0.160275,True
931,1202,0.004042,0.052222,0.096615,True
932,60867,0.204667,0.025573,0.11463,True
933,1,3e-06,0.007222,0.007222,True
934,7483,0.025162,0.074401,0.13506,True
935,14,4.7e-05,0.008556,0.060963,True
936,0,0.0,0.0,0.0,False
937,0,0.0,0.0,0.0,False
938,68472,0.230239,0.047421,0.206904,True
939,0,0.0,0.0,0.0,False
940,0,0.0,0.0,0.0,False
941,17,5.7e-05,0.007859,0.012229,True
942,148,0.000498,0.008563,0.014621,True
943,5638,0.018958,0.104218,0.182591,True
944,85,0.000286,0.015411,0.06353,True
945,0,0.0,0.0,0.0,False
946,1,3e-06,0.023311,0.023311,True
947,3,1e-05,0.012719,0.013542,True
948,1,3e-06,0.011963,0.011963,True
949,78,0.000262,0.00544,0.016704,True
950,152,0.000511,0.030539,0.060041,True
951,5,1.7e-05,0.011248,0.0161,True
952,2,7e-06,0.015926,0.019374,True
953,105,0.000353,0.031525,0.073513,True
954,1,3e-06,0.01254,0.01254,True
955,7,2.4e-05,0.019159,0.02806,True
956,1,3e-06,0.007812,0.007812,True
957,1,3e-06,0.010301,0.010301,True
958,377,0.001268,0.065975,0.347481,True
959,1,3e-06,0.005545,0.005545,True
960,189,0.000636,0.015518,0.02695,True
961,1,3e-06,0.010788,0.010788,True
962,24570,0.082617,0.025215,0.095359,True
963,4,1.3e-05,0.021469,0.035225,True
964,11,3.7e-05,0.0092,0.021769,True
965,4012,0.01349,0.176825,0.260645,True
966,2,7e-06,0.009805,0.010025,True
967,2,7e-06,0.008024,0.008959,True
968,26220,0.088166,0.495257,0.760717,True
969,7,2.4e-05,0.028353,0.071259,True
970,404,0.001358,0.109313,0.134398,True
971,63,0.000212,0.028393,0.044219,True
972,36,0.000121,0.012597,0.034159,True
973,1,3e-06,0.005153,0.005153,True
974,1677,0.005639,0.064608,0.109169,True
975,275,0.000925,0.045561,0.123703,True
976,1,3e-06,0.0177,0.0177,True
977,77962,0.26215,0.086204,0.488465,True
978,7,2.4e-05,0.007587,0.010051,True
979,0,0.0,0.0,0.0,False
980,1,3e-06,0.006127,0.006127,True
981,1,3e-06,0.011891,0.011891,True
982,0,0.0,0.0,0.0,False
983,9192,0.030908,0.094566,0.130123,True
984,1,3e-06,0.01542,0.01542,True
985,82,0.000276,0.028846,0.047948,True
986,2,7e-06,0.028844,0.028844,True
987,0,0.0,0.0,0.0,False
988,455,0.00153,0.120552,0.144887,True
989,5,1.7e-05,0.012061,0.01283,True
990,2475,0.008322,0.072124,0.112414,True
991,446,0.0015,0.116563,0.176245,True
992,1,3e-06,0.003656,0.003656,True
993,2,7e-06,0.004529,0.004529,True
994,1,3e-06,0.024875,0.024875,True
995,0,0.0,0.0,0.0,False
996,0,0.0,0.0,0.0,False
997,35,0.000118,0.040215,0.079286,True
998,57,0.000192,0.038272,0.063177,True
999,5,1.7e-05,0.012316,0.022683,True
1000,22,7.4e-05,0.014507,0.031965,True
1001,0,0.0,0.0,0.0,False
1002,0,0.0,0.0,0.0,False
1003,0,0.0,0.0,0.0,False
1004,297395,1.0,0.92301,1.507365,True
1005,663,0.002229,0.2147,0.270952,True
1006,4379,0.014725,0.048083,0.178322,True
1007,0,0.0,0.0,0.0,False
1008,45,0.000151,0.075609,0.109935,True
1009,0,0.0,0.0,0.0,False
1010,1,3e-06,0.052359,0.052359,True
1011,23,7.7e-05,0.018026,0.03495,True
1012,0,0.0,0.0,0.0,False
1013,1,3e-06,0.020221,0.020221,True
1014,275,0.000925,0.066853,0.124333,True
1015,10,3.4e-05,0.009099,0.012528,True
1016,172,0.000578,0.127139,0.226538,True
1017,0,0.0,0.0,0.0,False
1018,5,1.7e-05,0.01562,0.017776,True
1019,15563,0.052331,0.214363,0.360139,True
1020,15704,0.052805,0.294751,0.380949,True
1021,15761,0.052997,0.178947,0.298054,True
1022,4,1.3e-05,0.004854,0.011167,True
1023,2,7e-06,0.008449,0.008488,True
