<?xml version="1.0" encoding="UTF-8" ?>
<PADGEN_PML>
	<AppVerInfo>PADGen 2.0.1.22</AppVerInfo>
	<CompanyName />
	<Program_Info>
		<Program_Name>Guitar Alchemist Free</Program_Name>
		<Program_Version>1.00</Program_Version>
		<Program_Release_Month>08</Program_Release_Month>
		<Program_Release_Day>17</Program_Release_Day>
		<Program_Release_Year>2004</Program_Release_Year>
		<Program_Cost_Dollars>0</Program_Cost_Dollars>
		<Program_Cost_Other_Code />
		<Program_Cost_Other />
		<Program_Type>Freeware</Program_Type>
		<Program_Release_Status>New Release</Program_Release_Status>
		<Program_Install_Support>Install and Uninstall</Program_Install_Support>
		<Program_OS_Support>Win98,WinME,WinNT 3.x,WinNT 4.x,Windows2000,WinXP,Windows2003</Program_OS_Support>
		<Program_Language>English</Program_Language>
		<Program_Change_Info />
		<Program_Specific_Category />
		<Program_Category_Class>Audio &amp; Multimedia::Music Composers</Program_Category_Class>
		<Program_Categories />
		<Program_System_Requirements>Sound card</Program_System_Requirements>
		<Includes_JAVA_VM>N</Includes_JAVA_VM>
		<Includes_VB_Runtime>N</Includes_VB_Runtime>
		<Includes_DirectX>N</Includes_DirectX>
		<File_Info>
			<Filename_Versioned />
			<Filename_Previous />
			<Filename_Generic />
			<Filename_Long>guitar_alchemist_free.exe</Filename_Long>
			<File_Size_Bytes>5689316</File_Size_Bytes>
			<File_Size_K>5555</File_Size_K>
			<File_Size_MB>5.43</File_Size_MB>
		</File_Info>
		<Expire_Info>
			<Has_Expire_Info>N</Has_Expire_Info>
			<Expire_Count />
			<Expire_Based_On>Days</Expire_Based_On>
			<Expire_Other_Info />
			<Expire_Month />
			<Expire_Day />
			<Expire_Year />
		</Expire_Info>
	</Program_Info>
	<Program_Descriptions>
		<English>
			<Keywords>guitar alchemist virtual fingerboard scale chords modes staff</Keywords>
			<Char_Desc_45 />
			<Char_Desc_80 />
			<Char_Desc_250 />
			<Char_Desc_450>Explore the modes and chords of the major scale in any key with this great looking guitar tool.
Easily find the right chord voicings, filtering them by difficulty or inversion, and list all the modes you can play over.
The fingerboard can be configured (Left handed players, background texture and other features)
The theme of the application and MIDI settings can also be customized.</Char_Desc_450>
			<Char_Desc_2000 />
		</English>
	</Program_Descriptions>
	<Web_Info>
		<Application_URLs>
			<Application_Info_URL>http://www.guitaralchemist.com</Application_Info_URL>
			<Application_Order_URL>http://www.guitaralchemist.com</Application_Order_URL>
			<Application_Screenshot_URL>http://www.guitaralchemist.com/screenshots/gafree1.jpg</Application_Screenshot_URL>
			<Application_Icon_URL />
			<Application_XML_File_URL />
		</Application_URLs>
		<Download_URLs>
			<Primary_Download_URL>http://www.guitaralchemist.com/download/guitar_alchemist_free.exe</Primary_Download_URL>
			<Secondary_Download_URL />
			<Additional_Download_URL_1 />
			<Additional_Download_URL_2 />
		</Download_URLs>
	</Web_Info>
	<Permissions>
		<Distribution_Permissions />
		<EULA />
	</Permissions>
	<ASP>
		<ASP_FORM>Y</ASP_FORM>
		<ASP_Member>N</ASP_Member>
		<ASP_Member_Number />
	</ASP>
</PADGEN_PML>
